{
    "name": "Bagus Tri Putra",
    "short_name": "Bagus",
    "description": "PWA yang menampilkan profil",
    "start_url": "/",
    "display": "standalone",
    "background_color": "#ffffff",
    "theme_color": "#4CAF50",
    "icons": [
      {
        "src": "icons/icon-192x192.png",
        "sizes": "192x192",
        "type": "image/png"
      },
      {
        "src": "icons/icon-512x512.png",
        "sizes": "512x512",
        "type": "image/png"
      }
    ]
  }
  